HDFC BANK Ltd.,,,,Page No .:  1,,Statement of accounts
SYNTHETIC TEST STATEMENT - NOT ISSUED BY ANY BANK - ALL DATA MADE UP
MR. SAMPLE CUSTOMER,,,,Account Branch :,SAMPLE BRANCH
FLAT 1 SAMPLE APARTMENTS,,,,Address :,1 SAMPLE ROAD
SAMPLE COLONY,,,,City :,HYDERABAD 500000
HYDERABAD 500000,,,,State :,TELANGANA
TELANGANA INDIA,,,,Phone no. :,XXXXXXXXXX
,,,,OD Limit :,0.00,Currency :  INR
JOINT HOLDERS :,,,,Email :,XXXXXXXX@EXAMPLE.COM
,,,,Cust ID :,XXXXXXXX
,,,,Account No :,XXXXXXXXXX2626,SAVINGS - SYNTHETIC
,,,,A/C Open Date :,01/01/20
Nomination : Registered,,,,Account Status :,Regular
Statement From : 01/06/2026,,To : 31/08/2026,,RTGS/NEFT IFSC :,HDFC0XXXXXX,MICR : XXXXXXXXX
,,,,Branch Code :,XXXX,Product Code :  XXX
****************,****************,****************,****************,****************,****************,****************
Date,Narration,Chq./Ref.No.,Value Dt,Withdrawal Amt.,Deposit Amt.,Closing Balance
****************,****************,****************,****************,****************,****************,****************
01/06/26,NEFT CR-CITI0100000-ACME TECHNOLOGIES PVT LTD-SAMPLE CUSTOMER-CITIN26060112345,CITIN26060112345,01/06/26,,"85,000.00","1,47,418.35"
02/06/26,ACH D- TP ACH HDFC LTD-HL0000123456,0000000000000000,02/06/26,"24,350.00",,"1,23,068.35"
03/06/26,UPI-SWIGGY-SWIGGY.STORES@AXB-UTIB0000100-615412345601-UPI,0000615412345601,03/06/26,486.00,,"1,22,582.35"
04/06/26,UPI-SWIGGY-SWIGGY.STORES@AXB-UTIB0000100-615412345601-REVERSAL,0000615412345601,04/06/26,,486.00,"1,23,068.35"
05/06/26,POS 416021XXXXXX4321 AMAZON PAY INDIA PRIVA POS DEBIT,0000615512345602,05/06/26,"1,349.00",,"1,21,719.35"
07/06/26,ATW-416021XXXXXX4321-S1ANHY23-HYDERABAD,0000615812340002,07/06/26,"10,000.00",,"1,11,719.35"
09/06/26,IMPS-616012345603-SAMPLE FRIEND-SBIN-XXXXXXX9876-DINNER,0000616012345603,09/06/26,"1,200.00",,"1,10,519.35"
09/06/26,.IMPS P2A CHARGES 616012345603 INCL GST,0000616012345603,09/06/26,5.90,,"1,10,513.45"
10/06/26,UPI-IRCTC-IRCTCWEBUPI@SBI-SBIN0016209-616112345604-TICKET,0000616112345604,10/06/26,"2,345.00",,"1,08,168.45"
12/06/26,NWD-416021XXXXXX4321-SPCNE123-HYDERABAD,0000616312340005,12/06/26,"5,000.00",,"1,03,168.45"
15/06/26,BIL/ONL/000123456789/TSSPDCL/SAMPLE,0000616612345606,15/06/26,"1,436.00",,"1,01,732.45"
17/06/26,REV-NWD-416021XXXXXX4321-SPCNE123-HYDERABAD,0000616312340005,17/06/26,,"5,000.00","1,06,732.45"
18/06/26,UPI-MYNTRA-MYNTRA@ICICI-ICIC0DC0099-616912345607-ORDER,0000616912345607,18/06/26,"1,799.00",,"1,04,933.45"
20/06/26,UPI-MYNTRA-MYNTRA@ICICI-ICIC0DC0099-616912345607-REFUND ORDER RETURN,0000616912345607,20/06/26,,"1,799.00","1,06,732.45"
22/06/26,CHQ DEP - MICR CTS - HYDERABAD - 000123,0000000000000123,22/06/26,,"3,000.00","1,09,732.45"
25/06/26,UPI-JIO-JIOPREPAID@PAYTM-PYTM0123456-617612345608-RECHARGE,0000617612345608,25/06/26,349.00,,"1,09,383.45"
28/06/26,POS 416021XXXXXX4321 DMART HYDERABAD,0000000000000000,28/06/26,"2,187.40",,"1,07,196.05"
30/06/26,INTEREST PAID TILL 30-JUN-2026,0000000000000000,30/06/26,,402.00,"1,07,598.05"
01/07/26,NEFT CR-CITI0100000-ACME TECHNOLOGIES PVT LTD-SAMPLE CUSTOMER-CITIN26070112345,CITIN26070112345,01/07/26,,"85,000.00","1,92,598.05"
02/07/26,ACH D- TP ACH HDFC LTD-HL0000123456,0000000000000000,02/07/26,"24,350.00",,"1,68,248.05"
04/07/26,UPI-ZOMATO-ZOMATO@HDFCBANK-HDFC0000499-618512345609-ORDER,0000618512345609,04/07/26,612.00,,"1,67,636.05"
06/07/26,UPI-BIGBASKET-BIGBASKET@ICICI-ICIC0DC0099-618712345610-ORDER,0000618712345610,06/07/26,"3,245.00",,"1,64,391.05"
08/07/26,IMPS-618912345611-SAMPLE LANDLORD-ICIC-XXXXXXXX5566-RENT JUL,0000618912345611,08/07/26,"18,000.00",,"1,46,391.05"
10/07/26,ATW-416021XXXXXX4321-S1ANHY23-HYDERABAD,0000619112340012,10/07/26,"3,000.00",,"1,43,391.05"
10/07/26,ATW-416021XXXXXX4321-S1ANHY23-HYDERABAD,0000619112340013,10/07/26,"3,000.00",,"1,40,391.05"
12/07/26,REVERSAL-ATW-416021XXXXXX4321-S1ANHY23-HYDERABAD,0000619112340012,12/07/26,,"3,000.00","1,43,391.05"
15/07/26,UPI-BIGBASKET-BIGBASKET@ICICI-ICIC0DC0099-618712345610-REVERSAL,0000618712345610,15/07/26,,"3,245.00","1,46,636.05"
16/07/26,UPI-AMAZON-AMAZONUPI@APL-UTIB0000553-619712345614-PAY,0000619712345614,16/07/26,"1,149.00",,"1,45,487.05"
18/07/26,"NEFT DR-SBIN0000999-SAMPLE RELATIVE-NETBANK, MUM-N199262615",N199262615,18/07/26,"10,000.00",,"1,35,487.05"
24/07/26,POS 416021XXXXXX4321 PVR CINEMAS HYDERABAD,0000620512345616,24/07/26,860.00,,"1,34,627.05"
25/07/26,CASH DEPOSIT BY - SELF - HYDERABAD,0000000000000000,25/07/26,,"5,000.00","1,39,627.05"
01/08/26,NEFT CR-CITI0100000-ACME TECHNOLOGIES PVT LTD-SAMPLE CUSTOMER-CITIN26080112345,CITIN26080112345,01/08/26,,"85,000.00","2,24,627.05"
02/08/26,ACH D- TP ACH HDFC LTD-HL0000123456,0000000000000000,02/08/26,"24,350.00",,"2,00,277.05"
03/08/26,UPI-SWIGGY-SWIGGY.STORES@AXB-UTIB0000100-621512345617-UPI,0000621512345617,03/08/26,520.00,,"1,99,757.05"
05/08/26,UPI-PAYTM-PAYTMQR5550001@PAYTM-PYTM0123456-621712345618-GROCERIES,0000621712345618,05/08/26,"1,500.00",,"1,98,257.05"
10/08/26,DC ANNUAL FEE 416021XXXXXX4321 INCL GST,0000000000000000,10/08/26,590.00,,"1,97,667.05"
16/08/26,UPI-MAKEMYTRIP-MMT@ICICI-ICIC0DC0099-622812345619-FLIGHT,0000622812345619,16/08/26,"6,850.00",,"1,90,817.05"
17/08/26,UPI-MAKEMYTRIP-MMT@ICICI-ICIC0DC0099-622812345619-REVERSAL FAILED TXN,0000622812345619,17/08/26,,"6,850.00","1,97,667.05"
24/08/26,UPI-SAMPLE FRIEND-9000000002@OKICICI-ICIC0000000-623612345620-DINNER SPLIT,0000623612345620,24/08/26,,650.00,"1,98,317.05"
31/08/26,SMS CHARGES FOR QTR ENDED JUN 2026 INCL GST,0000000000000000,31/08/26,17.70,,"1,98,299.35"
****************,****************,****************,****************,****************,****************,****************
STATEMENT SUMMARY  :-

Opening Balance,,Dr Count,Cr Count,Debits,Credits,Closing Bal
"62,418.35",,27,13,"1,48,551.00","2,84,432.00","1,98,299.35"

Generated On: 01/09/26 09:15:32,,Generated By: XXXXXXXX,,Requesting Branch Code: NET
This is a computer generated statement and does not require signature.
SYNTHETIC TEST STATEMENT - NOT ISSUED BY ANY BANK - ALL DATA MADE UP
